TABLE:,F4102,,,,,,,
SYSTEM CODE:,41,,,,,,,
SQL NAME:,F4102,,,,,,,
DESCRIPTION:,Item Branch File,,,,,,,
COLUMN PREFIX:,IB,,,,,,,
,,,,,,,,
SEQ,SQL COLUMN,ALIAS,DESCRIPTION,NAME,TYPE,SIZE,DECIMALS,PRIMARY KEY
1,IBITM,ITM,Item Number - Short,IdentifierShortItem,Math Numeric,8,0,X
2,IBLITM,LITM,2nd Item Number,Identifier2ndItem,String,25,0,
3,IBAITM,AITM,3rd Item Number,Identifier3rdItem,String,25,0,
4,IBMCU,MCU,Business Unit,CostCenter,String,12,0,X
5,IBSRP1,SRP1,Regulatory Category,SalesReportingCode1,String,3,0,
6,IBSRP2,SRP2,Technology,SalesReportingCode2,String,3,0,
7,IBSRP3,SRP3,Molecule Type,SalesReportingCode3,String,3,0,
8,IBSRP4,SRP4,Target Type and Flex Accounting,SalesReportingCode4,String,3,0,
9,IBSRP5,SRP5,Marketing Type and Flex Acct,SalesReportingCode5,String,3,0,
10,IBSRP6,SRP6,New Form Type (NFC),SalesReportingCode6,String,6,0,
11,IBSRP7,SRP7,Anatomical Therapeutic Class,SalesReportingCode7,String,6,0,
12,IBSRP8,SRP8,Category Code 8,SalesReportingCode8,String,6,0,
13,IBSRP9,SRP9,Category Code 9,SalesReportingCode9,String,6,0,
14,IBSRP0,SRP0,Site 2 Code,SalesReportingCode10,String,6,0,
15,IBPRP1,PRP1,Commodity Class,PurchasingReportCode1,String,3,0,
16,IBPRP2,PRP2,Commodity Sub Class,PurchasingReportCode2,String,3,0,
17,IBPRP3,PRP3,Supplier Rebate Code,PurchasingReportCode3,String,3,0,
18,IBPRP4,PRP4,Master Planning Family,PurchasingReportCode4,String,3,0,
19,IBPRP5,PRP5,Purchasing Category Code 5,PurchasingReportCode5,String,3,0,
20,IBPRP6,PRP6,Group - Item Dimension,PurchReportingCode6,String,6,0,
21,IBPRP7,PRP7,Group - Warehouse Process 1,PurchReportingCode7,String,6,0,
22,IBPRP8,PRP8,Group - Warehouse Process 2,PurchReportingCode8,String,6,0,
23,IBPRP9,PRP9,Group - Warehouse Process 3,PurchReportingCode9,String,6,0,
24,IBPRP0,PRP0,Site 1 Code,PurchReportingCode10,String,6,0,
25,IBCDCD,CDCD,Commodity Code,CommodityCode,String,15,0,
26,IBPDGR,PDGR,Product Group,ProductGroupFrom,String,3,0,
27,IBDSGP,DSGP,Dispatch Group,DispatchGrp,String,3,0,
28,IBVEND,VEND,Primary / Last Supplier Number,PrimaryLastVendorNo,Math Numeric,8,0,
29,IBANPL,ANPL,Planner Number,AddressNumberPlanner,Math Numeric,8,0,
30,IBBUYR,BUYR,Buyer Number,Buyer,Math Numeric,8,0,
31,IBGLPT,GLPT,Category - G/L,GlCategory,String,4,0,
32,IBORIG,ORIG,Country of Origin,CountryOfOrigin,String,3,0,
33,IBROPI,ROPI,Reorder Point - Input,ReorderPointInput,Math Numeric,15,6,
34,IBROQI,ROQI,Reorder Quantity - Input,ReorderQuantityInput,Math Numeric,15,6,
35,IBRQMX,RQMX,Reorder Quantity - Maximum,ReorderQuantityMaximum,Math Numeric,15,6,
36,IBRQMN,RQMN,Reorder Quantity - Minimum,ReorderQuantityMinimum,Math Numeric,15,6,
37,IBWOMO,WOMO,Quantity - Order Multiples (SO/PO),OrderMultiples,Math Numeric,7,0,
38,IBSERV,SERV,Service Level,ServiceLevel,Math Numeric,7,0,
39,IBSAFE,SAFE,Safety Stock,SafetyStockDaysSupply,Math Numeric,15,6,
40,IBSLD,SLD,Days - Shelf Life Days,ShelfLifeDays,Math Numeric,6,0,
41,IBCKAV,CKAV,Check Availability Y/N,CheckAvailabilityYN,Char,1,0,
42,IBSRCE,SRCE,Layer Code - Source,LayerCodeSource,Char,1,0,
43,IBLOTS,LOTS,Lot Status Code,LotStatusCode,Char,1,0,
44,IBOT1Y,OT1Y,Potency Control,ConstantFutureUse1,Char,1,0,
45,IBOT2Y,OT2Y,Grade Control,ConstantFutureUse2,Char,1,0,
46,IBSTDP,STDP,Standard Potency,StandardPotency,Math Numeric,7,3,
47,IBFRMP,FRMP,From Potency,FromPotency,Math Numeric,7,3,
48,IBTHRP,THRP,Thru Potency,ThruPotency,Math Numeric,7,3,
49,IBSTDG,STDG,Standard Grade,StandardGrade,String,3,0,
50,IBFRGD,FRGD,From Grade,FromGrade,String,3,0,
51,IBTHGD,THGD,Thru Grade,ThruGrade,String,3,0,
52,IBCOTY,COTY,Component Type,ComponentType,Char,1,0,
53,IBMMPC,MMPC,Margin Maintenance (%),MarginMaintenancePer,Math Numeric,7,3,
54,IBPRGR,PRGR,Item Price Group,PricingCategory,String,8,0,
55,IBRPRC,RPRC,Reprice (Basket Price) Category,RepriceBasketPriceCat,String,8,0,
56,IBORPR,ORPR,Order Reprice Category,OrderRepriceCategory,String,8,0,
57,IBBACK,BACK,Backorders Allowed (Y/N),BackordersAllowedYN,Char,1,0,
58,IBIFLA,IFLA,Item Flash Message,ItemFlashMessage,String,2,0,
59,IBABCS,ABCS,ABC Code 1 - Sales - Inventory,AbcCode1SalesInv,Char,1,0,
60,IBABCM,ABCM,ABC Code 1 - Margin - Inventory,AbcCode2MarginInv,Char,1,0,
61,IBABCI,ABCI,ABC Code 3 - Investment - Inventory,AbcCode3InvestInv,Char,1,0,
62,IBOVR,OVR,ABC Code Override Indicator,AbcCodeOverrideIndica,Char,1,0,
63,IBSHCM,SHCM,Shipping Commodity Class,ShippingCommodityClass,String,3,0,
64,IBCARS,CARS,Carrier Number,Carrier,Math Numeric,8,0,
65,IBCARP,CARP,Customer Owner,PreferCarrierPurchasin,Math Numeric,8,0,
66,IBSHCN,SHCN,Shipping Conditions Code,ShippingConditionsCode,String,3,0,
67,IBSTKT,STKT,Stocking Type,StockingType,Char,1,0,
68,IBLNTY,LNTY,Line Type,LineType,String,2,0,
69,IBFIFO,FIFO,FIFO Processing,FifoProcessing,Char,1,0,
70,IBCYCL,CYCL,Cycle Count Category,CycleCountCategory,String,3,0,
71,IBINMG,INMG,Print Message,PrintMessage1,String,10,0,
72,IBWARR,WARR,Type Warranty,TypeWarranty,String,8,0,
73,IBSRNR,SRNR,Serial Number Required,SerialNumberRequired,Char,1,0,
74,IBPCTM,PCTM,Percent Margin,PercentMargin,Math Numeric,7,3,
75,IBCMCG,CMCG,Commission Category,CommissionCategory,String,8,0,
76,IBFUF1,FUF1,AIA Document Flag,ApplyFreight,Char,1,0,
77,IBTX,TX,Purchasing Taxable (Y/N),TaxableYN1,Char,1,0,
78,IBTAX1,TAX1,Sales Taxable (Y/N),TaxableYN,Char,1,0,
79,IBMPST,MPST,Planning Code,PlanningCode,Char,1,0,
80,IBMRPD,MRPD,Item Display Code,ItemDisplayCode,Char,1,0,
81,IBMRPC,MRPC,Flag - Net Change,NetChangeFlag,Char,1,0,
82,IBUPC,UPC,Units - Per Container,UnitsPerContainer,Math Numeric,15,0,
83,IBSNS,SNS,Round to Whole Number,StockNonstock,Char,1,0,
84,IBMERL,MERL,Item Revision Level,MeRevisionLevel,String,3,0,
85,IBLTLV,LTLV,Leadtime Level,LeadtimeLevel,Math Numeric,5,0,
86,IBLTMF,LTMF,Leadtime MFG,LeadtimeMfg,Math Numeric,5,0,
87,IBLTCM,LTCM,Leadtime Cumulative,LeadtimeCum,Math Numeric,5,0,
88,IBOPC,OPC,Order Policy Code,OrderPolicyCode,Char,1,0,
89,IBOPV,OPV,Value - Order Policy,OrderPolicyValue,Math Numeric,15,0,
90,IBACQ,ACQ,Quantity - Accounting Cost,AcctingCostQty,Math Numeric,15,6,
91,IBMLQ,MLQ,Quantity - MFG Leadtime,MfgLeadtimeQty,Math Numeric,15,6,
92,IBLTPU,LTPU,Leadtime Per Unit,LeadtimePerUnit,Math Numeric,5,2,
93,IBMPSP,MPSP,Planning Time Fence Rule,PlanTimeFenceRule,Char,1,0,
94,IBMRPP,MRPP,Fixed or Variable Leadtime,FixedVariableLeadtime,Char,1,0,
95,IBITC,ITC,Issue Type Code,IssueTypeCode,Char,1,0,
96,IBECO,ECO,ECO Number,EngineerChngOrderNo,String,12,0,
97,IBECTY,ECTY,Engineering Change Reason,EngineeringChngReason,String,2,0,
98,IBECOD,ECOD,Date - Engineering Change Date,DateEngineerChgeDate,Date,6,0,
99,IBMTF1,MTF1,Planning Time Fence Days,PlanningTimeFenceDays,Math Numeric,5,0,
100,IBMTF2,MTF2,Freeze Time Fence Days,FreezeTimeFenceDays,Math Numeric,5,0,
101,IBMTF3,MTF3,Message Time Fence Days,MsgTimeFenceDays,Math Numeric,5,0,
102,IBMTF4,MTF4,MPS/MRP Time Fence 4,TimeFence4,Math Numeric,5,0,
103,IBMTF5,MTF5,Shipment Leadtime Offset,TimeFence5,Math Numeric,5,0,
104,IBMOVD,MOVD,Move Hours - Standard,MoveHours,Math Numeric,5,2,
105,IBQUED,QUED,Queue Hours - Standard,QueueHours,Math Numeric,5,2,
106,IBSETL,SETL,Setup Labor - Standard,SetupLaborHrsStdr,Math Numeric,15,2,
107,IBSRNK,SRNK,Shrink Factor,ShrinkFactor,Math Numeric,15,2,
108,IBSRKF,SRKF,Shrink Factor Method,ShrinkFactorMethod,Char,1,0,
109,IBTIMB,TIMB,Time Basis Code,TimeBasisCode,Char,1,0,
110,IBBQTY,BQTY,Units - Batch Quantity,UnitsBatchQuantity,Math Numeric,15,6,
111,IBORDW,ORDW,Order With,OrderWithYN,Char,1,0,
112,IBEXPD,EXPD,Expedite Damper Days,ExpediteDamperDays,Math Numeric,5,0,
113,IBDEFD,DEFD,Defer Damper Days,DeferDamperDays,Math Numeric,5,0,
114,IBMULT,MULT,Quantity - Order Multiples (MRP),QtyOrderMultiples,Math Numeric,15,6,
115,IBSFLT,SFLT,Safety Leadtime,SafetyLeadtime,Math Numeric,5,0,
116,IBMAKE,MAKE,Make/Buy Code,MakeBuyCode,Char,1,0,
117,IBLFDJ,LFDJ,Date - Future Use,DateLifo,Date,6,0,
118,IBLLX,LLX,Low Level Code,LowLevelCode,Math Numeric,3,0,
119,IBCMGL,CMGL,Commitment Method,AllocateByLot,Char,1,0,
120,IBURCD,URCD,User Reserved Code,UserReservedCode,String,2,0,
121,IBURDT,URDT,User Reserved Date,UserReservedDate,Date,6,0,
122,IBURAT,URAT,User Reserved Amount,UserReservedAmount,Math Numeric,15,2,
123,IBURAB,URAB,User Reserved Number,UserReservedNumber,Math Numeric,8,0,
124,IBURRF,URRF,User Reserved Reference,UserReservedReference,String,15,0,
125,IBUSER,USER,User ID,UserId,String,10,0,
126,IBPID,PID,Program ID,ProgramId,String,10,0,
127,IBJOBN,JOBN,Work Station ID,WorkStationId,String,10,0,
128,IBUPMJ,UPMJ,Date - Updated,DateUpdated,Date,6,0,
129,IBTDAY,TDAY,Time of Day,TimeOfDay,Math Numeric,6,0,
130,IBTFLA,TFLA,Standard Unit of Measure Conversion,TemporaryItemFlashMessag,String,2,0,
131,IBCOMH,COMH,Commitment - Specific (Days),CommitmentSpecificDays,Math Numeric,3,0,
132,IBAVRT,AVRT,Replenishment Hours - Standard,AverageQueueTimeHours,Math Numeric,15,2,
133,IBPOC,POC,Issue and Receipt,Payonconsumption,Char,1,0,
134,IBAING,AING,Active Ingredient Flag,ActiveIngredientFlag,Char,1,0,
135,IBBBDD,BBDD,Best Before Default Days,BestBeforeDefaultDays,Math Numeric,6,0,
136,IBCMDM,CMDM,Commitment Date Method,CommitmentDateMethod,Char,1,0,
137,IBLECM,LECM,Lot Expiraton Date Calculation Method,LotExpirationDateCalculationMethod,Char,1,0,
138,IBLEDD,LEDD,Lot Effective Default Days,LotEffectiveDefaultDays,Math Numeric,6,0,
139,IBMLOT,MLOT,Mix Dates / Lots (Y/N),ItemMultipleDates,Char,1,0,
140,IBPEFD,PEFD,Purchasing Effective Days,PurchasingEffectiveDays,Math Numeric,6,0,
141,IBSBDD,SBDD,Sell By Default Days,SellByDefaultDays,Math Numeric,6,0,
142,IBU1DD,U1DD,User Lot Date 1 Default Days,UserLotDate1DefaultDays,Math Numeric,6,0,
143,IBU2DD,U2DD,User Lot Date 2 Default Days,UserLotDate2DefaultDays,Math Numeric,6,0,
144,IBU3DD,U3DD,User Lot Date 3 Default Days,UserLotDate3DefaultDays,Math Numeric,6,0,
145,IBU4DD,U4DD,User Lot Date 4 Default Days,UserLotDate4DefaultDays,Math Numeric,6,0,
146,IBU5DD,U5DD,User Lot Date 5 Default Days,UserLotDate5DefaultDays,Math Numeric,6,0,
147,IBXDCK,XDCK,Cross-Docking Flag,CrossDockFlag,Char,1,0,
148,IBLAF,LAF,Lot Audit Flag,LotAuditFlag,Char,1,0,
149,IBLTFM,LTFM,Special Lot Format,SpecialLotFormat,Char,1,0,
150,IBRWLA,RWLA,Restrict Work Order Lot Assignment,RestrictWoLotAssignment,Char,1,0,
151,IBLNPA,LNPA,Lot Number Pre-Assignment,LotNumberPreAsignment,Char,1,0,
152,IBLOTC,LOTC,Lot Status Code Expanded,LotStatusCodeExpanded,String,3,0,
153,IBAPSC,APSC,Constraints Flag,ConstraintsFlag,Char,1,0,
154,IBPRI1,PRI1,Priority One Alert Level,PriorityOneAlertLevel,Math Numeric,15,4,
155,IBPRI2,PRI2,Priority Two Alert Level,PriorityTwoAlertLevel,Math Numeric,15,4,
156,IBLTCV,LTCV,Leadtime Conversion Factor,LeadtimeConversionFactor,Math Numeric,15,7,
157,IBASHL,ASHL,Allow Shipping of Held Lots,AllowShippingHeldLots,Char,1,0,
158,IBOPTH,OPTH,Minimum Operational Threshold,MinOperationalThreshold,Math Numeric,15,4,
159,IBCUTH,CUTH,Minimum Cumulative Threshold,MinCumulativeThreshold,Math Numeric,15,4,
160,IBUMTH,UMTH,Operational Threshold Unit of Measure,OperationalThresholdUOM,String,3,0,
161,IBLMFG,LMFG,Lean Manufacturing Flag,LeanFlag,Char,1,0,
162,IBLINE,LINE,Line/Cell Identifier,LineIdentifier,String,12,0,
163,IBDFTPCT,DFTPCT,Total Product Cycle Time,TotalProductCycleTime,Math Numeric,20,5,
164,IBKBIT,KBIT,Kanban Item,KanbanItem,Char,1,0,
165,IBDFENDITM,DFENDITM,Demand Flow End Item Flag,DFEndItemFlag,Char,1,0,
166,IBKANEXLL,KANEXLL,Kanban Explode to Lower Level,KanbanExplodeToLowerLevel,Char,1,0,
167,IBSCPSELL,SCPSELL,Sellable Item,Sellable,Char,1,0,
168,IBMOPTH,MOPTH,Maximum Operational Threshold,MaxOperationalThreshold,Math Numeric,15,4,
169,IBMCUTH,MCUTH,Maximum Cumulative Threshold,MaxCumulativeThreshold,Math Numeric,15,4,
170,IBCUMTH,CUMTH,Cumulative Threshold Unit of Measure,CumulativeThresholdUOM,String,3,0,
171,IBATPRN,ATPRN,ATP Rule Name,ATPRuleName,String,80,0,
172,IBATPCA,ATPCA,Check ATP,CheckATP,Char,1,0,
173,IBATPAC,ATPAC,ATP Components,ATPComponents,String,5,0,
174,IBCOORE,COORE,Country of Origin Required Flag,CountryOfOriginRequired,Char,1,0,
175,IBVCPFC,VCPFC,ATO Forecast Control,ATOForecastControl,String,20,0,
176,IBPNYN,PNYN,Production Number Controlled,ProductionNumberControlled,Char,1,0,
,,,,,,,,
INDICIES,,,,,,,,
"Branch, Item",ID: 1,PRIMARY,UNIQUE,,,,,
,MCU,,,,,,,
,ITM,,,,,,,
"Item, Branch",ID: 2,,,,,,,
,ITM,,,,,,,
,MCU,,,,,,,
"Vend, Item",ID: 3,,,,,,,
,VEND,,,,,,,
,ITM,,,,,,,
"Purch Category Code 5, Item",ID: 4,,,,,,,
,PRP5,,,,,,,
,ITM,,,,,,,
"Planning Family, Branch, +",ID: 5,,,,,,,
,PRP4,,,,,,,
,MCU,,,,,,,
,MPST,,,,,,,
"Planner, Branch, +",ID: 6,,,,,,,
,ANPL,,,,,,,
,MCU,,,,,,,
,PRP4,,,,,,,
,MPST,,,,,,,
"Buyer, Branch, +",ID: 7,,,,,,,
,BUYR,,,,,,,
,MCU,,,,,,,
,PRP4,,,,,,,
,MPST,,,,,,,
"Pool, Item +",ID: 8,,,,,,,
,PRP0,,,,,,,
,ITM,,,,,,,
,MCU,,,,,,,
"Branch, Purch Cat Code 7, +",ID: 10,,,,,,,
,MCU,,,,,,,
,PRP7,,,,,,,
,PRP8,,,,,,,
,PRP9,,,,,,,
"Low Level, Item +",ID: 11,,,,,,,
,LLX,,,,,,,
,ITM,,,,,,,
,MCU,,,,,,,
ATP Rule Name,ID: 12,,,,,,,
,ATPRN,,,,,,,
