TABLE:,F4801,,,,,,,
SYSTEM CODE:,48,,,,,,,
SQL NAME:,F4801,,,,,,,
DESCRIPTION:,Work Order Master File,,,,,,,
COLUMN PREFIX:,WA,,,,,,,
,,,,,,,,
SEQ,SQL COLUMN,ALIAS,DESCRIPTION,NAME,TYPE,SIZE,DECIMALS,PRIMARY KEY
1,WADCTO,DCTO,Order Type,OrderType,String,2,0,
2,WADOCO,DOCO,"Document (Order No, Invoice, etc.)",DocumentOrderInvoiceE,Math Numeric,8,0,X
3,WASFXO,SFXO,Order Suffix,OrderSuffix,String,3,0,
4,WARCTO,RCTO,Related PO/SO/WO Order Type,RelatedOrderType,String,2,0,
5,WARORN,RORN,Related PO/SO/WO Number,RelatedPoSoNumber,String,8,0,
6,WALNID,LNID,Line Number,LineNumber,Math Numeric,6,3,
7,WAPTWO,PTWO,Peg to Work Order,PegToWorkOrder,Math Numeric,8,0,
8,WAPARS,PARS,Number - Parent WO Number,ParentWoNumber,String,8,0,
9,WATYPS,TYPS,Type - W.O.,TypeWo,Char,1,0,
10,WAPRTS,PRTS,Priority - W.O.,PriorityWo,Char,1,0,
11,WADL01,DL01,Description,Description001,String,30,0,
12,WASTCM,STCM,Status - Comment,StatusCommentWo,String,30,0,
13,WACO,CO,Company,Company,String,5,0,
14,WAMCU,MCU,Business Unit,CostCenter,String,12,0,
15,WAMMCU,MMCU,Branch,CostCenterAlt,String,12,0,
16,WALOCN,LOCN,Location,Location,String,20,0,
17,WAAISL,AISL,Aisle,AisleLocation,String,8,0,
18,WABIN,BIN,Bin,BinLocation,String,8,0,
19,WASRST,SRST,Status Code W.O.,StatusCodeWo,String,2,0,
20,WADCG,DCG,Date - Status Changed,DateStatusChanged,Date,6,0,
21,WASUB,SUB,Subsidiary,Subsidiary,String,8,0,
22,WAAN8,AN8,Address Number,AddressNumber,Math Numeric,8,0,
23,WAANO,ANO,Address Number - Originator,AddNoOriginator,Math Numeric,8,0,
24,WAANSA,ANSA,Address Number - Manager,AddressNumberManager,Math Numeric,8,0,
25,WAANPA,ANPA,Supervisor,Supervisor,Math Numeric,8,0,
26,WAANP,ANP,Address Number - Assigned To,AddNoAssignedTo,Math Numeric,8,0,
27,WADPL,DPL,Date - W.O. Planned Completed,DateWoPlanCompleted,Date,6,0,
28,WAANT,ANT,Address Number - Inspector,AddressNumberInspector,Math Numeric,8,0,
29,WANAN8,NAN8,Next Address Number,NextAddressNumber,Math Numeric,8,0,
30,WATRDJ,TRDJ,Date - Order/Transaction,DateTransactionJulian,Date,6,0,
31,WASTRT,STRT,Date - Start (Julian),DateStart,Date,6,0,
32,WADRQJ,DRQJ,Date - Requested,DateRequestedJulian,Date,6,0,
33,WASTRX,STRX,Date - Completion (Julian),DateCompletion,Date,6,0,
34,WADAP,DAP,Date - Assigned to,DateAssignedTo,Date,6,0,
35,WADAT,DAT,Date - Assigned to Inspector,DateAssignToInspector,Date,6,0,
36,WAPPDT,PPDT,Date - Paper Printed Date,PaperPrintedDate,Date,6,0,
37,WAWR01,WR01,Categories - Work Order 01,CategoriesWorkOrder001,String,4,0,
38,WAWR02,WR02,Categories - Work Order 02,CategoriesWorkOrder002,String,3,0,
39,WAWR03,WR03,Categories - Work Order 03,CategoriesWorkOrder003,String,3,0,
40,WAWR04,WR04,Categories - Work Order 04,CategoriesWorkOrder004,String,3,0,
41,WAWR05,WR05,Categories - Work Order 05,CategoriesWorkOrder005,String,3,0,
42,WAWR06,WR06,EnterpriseOne Consulting - Status,CategoriesWorkOrder006,String,3,0,
43,WAWR07,WR07,EnterpriseOne Consulting - Service Type,CategoriesWorkOrder007,String,3,0,
44,WAWR08,WR08,EnterpriseOne Consulting - Skill Type,CategoriesWorkOrder008,String,3,0,
45,WAWR09,WR09,E1 Consulting - Experience Level,CategoriesWorkOrder009,String,3,0,
46,WAWR10,WR10,Categories - Work Order 10,CategoriesWorkOrder010,String,3,0,
47,WAVR01,VR01,Reference,Reference1,String,25,0,
48,WAVR02,VR02,Reference 2,Reference2Vendor,String,25,0,
49,WAAMTO,AMTO,Amount - Estimated,AmountOriginalDollars,Math Numeric,15,2,
50,WASETC,SETC,Crew Size,CrewSize,Math Numeric,5,1,
51,WABRT,BRT,Revenue Rate Markup Override,RateDistribuOrBill,Math Numeric,15,2,
52,WAPAYT,PAYT,Pay/Deduction/Benefit Type,PayDeductBenefitType,String,5,0,
53,WAAMTC,AMTC,Amount - Change to Original Dollars,AmtChngToOriginalD,Math Numeric,15,2,
54,WAHRSO,HRSO,Hours - Estimated,HoursOriginal,Math Numeric,15,2,
55,WAHRSC,HRSC,Hours - Change to Original Hours,HrsChngToOriginalHo,Math Numeric,15,2,
56,WAAMTA,AMTA,Amount - Actual,AmountActual,Math Numeric,15,2,
57,WAHRSA,HRSA,Hours - Actual,HoursActual,Math Numeric,15,2,
58,WAITM,ITM,Item Number - Short,IdentifierShortItem,Math Numeric,8,0,
59,WAAITM,AITM,3rd Item Number,Identifier3rdItem,String,25,0,
60,WALITM,LITM,2nd Item Number,Identifier2ndItem,String,25,0,
61,WANUMB,NUMB,Asset Item Number,AssetItemNumber,Math Numeric,8,0,
62,WAAPID,APID,Unit or Tag Number,UnitNumber,String,12,0,
63,WAUORG,UORG,Units - Order/Transaction Quantity,UnitsTransactionQty,Math Numeric,15,6,
64,WASOBK,SOBK,Units - Qty Backordered/Held,UnitsQuanBackorHeld,Math Numeric,15,6,
65,WASOCN,SOCN,Units - Quantity Canceled/Scrapped,UnitsQuantityCanceled,Math Numeric,15,6,
66,WASOQS,SOQS,Quantity Shipped,UnitsQuantityShipped,Math Numeric,15,6,
67,WAQTYT,QTYT,Units - Shipped to Date,QuantityShippedToDate,Math Numeric,15,6,
68,WAUOM,UOM,Unit of Measure as Input,UnitOfMeasureAsInput,String,2,0,
69,WASHNO,SHNO,Message Number,MessageNo,String,10,0,
70,WAPBTM,PBTM,Time - Beginning (HH/MM/SS),BeginningHhMmSs,Math Numeric,6,0,
71,WATBM,TBM,Type Bill of Material,TypeBill,String,3,0,
72,WATRT,TRT,Type of Routing,TypeRouting,String,3,0,
73,WASHTY,SHTY,WO Pick List Printed,WoPickListPrinted,Char,1,0,
74,WAPEC,PEC,Posting Edit,PostingEdit,Char,1,0,
75,WAPPFG,PPFG,Variance Flag,VarianceFlag,Char,1,0,
76,WABM,BM,Bill of Material (N),BillOfMaterialN,Char,1,0,
77,WARTG,RTG,Route Sheet (N),RouteSheetN,Char,1,0,
78,WASPRT,SPRT,Work Order Flash Message,WoFlashMessage,Char,1,0,
79,WAUNCD,UNCD,Work Order Freeze Code,WoOrderFreezeCode,Char,1,0,
80,WAINDC,INDC,Indented Code,IndentedCode,Char,1,0,
81,WARESC,RESC,Resequence Code,SequenceCode,Math Numeric,5,2,
82,WAMOH,MOH,Amount - Miles or Hours (units),AmtMilesOrHoursUnit,Math Numeric,15,2,
83,WATDT,TDT,Date - Scheduled Tickler,DateScheduledTickler,Date,6,0,
84,WAPOU,POU,Amount - Memo Budget Changes,AmtProjectedOverUnder,Math Numeric,15,2,
85,WAPC,PC,Percent Complete,PercentComplete,Math Numeric,5,0,
86,WALTLV,LTLV,Leadtime Level,LeadtimeLevel,Math Numeric,5,0,
87,WALTCM,LTCM,Leadtime Cumulative,LeadtimeCum,Math Numeric,5,0,
88,WACTS1,CTS1,Hours - Unaccounted Direct Labor,UnacctDirectLaborHrs,Math Numeric,15,2,
89,WALOTN,LOTN,Lot/Serial Number,Lot,String,30,0,
90,WALOTP,LOTP,Lot Potency,LotPotency,Math Numeric,15,3,
91,WALOTG,LOTG,Lot Grade,LotGrade,String,3,0,
92,WARAT1,RAT1,Ratio _ Critical Ratio Priority 1,CriticalRatioPriority1,Math Numeric,5,2,
93,WARAT2,RAT2,Ratio - Critical Ratio Priority 2,CriticalRatioPriority2,Math Numeric,5,2,
94,WADCT,DCT,Document Type,DocumentType,String,2,0,
95,WASBLI,SBLI,Subledger Inactive Code,SubledgerInactiveCode,Char,1,0,
96,WARKCO,RKCO,Company - Key (Related Order),CompanyKeyRelated,String,5,0,
97,WABREV,BREV,Bill Revision Level,BillRevisionLevel,String,3,0,
98,WARREV,RREV,Routing Revision Level,RoutingRevisionLevel,String,3,0,
99,WADRWC,DRWC,Drawing Change,DrawingChange,Char,1,0,
100,WARTCH,RTCH,Routing Change,RoutingChangeEco,Char,1,0,
101,WAPNRQ,PNRQ,New Part Number,NewPartNumberRequired,Char,1,0,
102,WAREAS,REAS,Reason for ECO,Reason,String,2,0,
103,WAPHSE,PHSE,Phase In,PhaseIn,String,3,0,
104,WAXDSP,XDSP,Existing Disposition,ExistingDisposition,String,3,0,
105,WABOMC,BOMC,BOM Change,BillOfMaterialsChange,Char,1,0,
106,WAURCD,URCD,User Reserved Code,UserReservedCode,String,2,0,
107,WAURDT,URDT,User Reserved Date,UserReservedDate,Date,6,0,
108,WAURAT,URAT,User Reserved Amount,UserReservedAmount,Math Numeric,15,2,
109,WAURAB,URAB,User Reserved Number,UserReservedNumber,Math Numeric,8,0,
110,WAURRF,URRF,User Reserved Reference,UserReservedReference,String,15,0,
111,WAUSER,USER,User ID,UserId,String,10,0,
112,WAPID,PID,Program ID,ProgramId,String,10,0,
113,WAJOBN,JOBN,Work Station ID,WorkStationId,String,10,0,
114,WAUPMJ,UPMJ,Date - Updated,DateUpdated,Date,6,0,
115,WATDAY,TDAY,Time of Day,TimeOfDay,Math Numeric,6,0,
116,WAAAID,AAID,Parent Number,ParentNumber,Math Numeric,8,0,
117,WANTST,NTST,Next Status - W.O.,NextStatusWO,String,2,0,
118,WAXRTO,XRTO,Criticality - Work Order,CriticalityWorkOrder,Math Numeric,4,0,
119,WAESDN,ESDN,Estimated Downtime Hours,EstimatedDowntimeHours,Math Numeric,5,2,
120,WAACDN,ACDN,Actual Downtime Hours,ActualDowntimeHours,Math Numeric,5,2,
121,WASAID,SAID,Service Address Number,ServiceAddressNumber,Math Numeric,8,0,
122,WAMPOS,MPOS,Meter Position,MeterPosition,Math Numeric,3,0,
123,WAAPRT,APRT,Approval Type,ApprovalType,String,3,0,
124,WAAMLC,AMLC,Amount - Estimated Labor,AmountEstimatedLabor,Math Numeric,15,2,
125,WAAMMC,AMMC,Amount - Estimated Material,AmountEstimatedMaterial,Math Numeric,15,2,
126,WAAMOT,AMOT,Amount - Estimated Other,AmountEstimatedOther,Math Numeric,15,2,
127,WALBAM,LBAM,Amount - Actual Labor,AmountActualLabor,Math Numeric,15,2,
128,WAMTAM,MTAM,Amount - Actual Material,AmountActualMaterial,Math Numeric,15,2,
,,,,,,,,
INDICIES,,,,,,,,
Document Number,ID: 1,PRIMARY,UNIQUE,,,,,
,DOCO,,,,,,,
"ParentWO, Category01, +G",ID: 2,,,,,,,
,PARS,,,,,,,
,WR01,,,,,,,
,WR02,,,,,,,
,WR03,,,,,,,
,TYPS,,,,,,,
,PRTS,,,,,,,
,DOCO,,,,,,,
Address Number,ID: 3,,,,,,,
,AN8,,,,,,,
Item Branch,ID: 4,,,,,,,
,ITM,,,,,,,
,MMCU,,,,,,,
,DRQJ,,,,,,,
"Order Number, Type",ID: 5,,,,,,,
,DOCO,,,,,,,
,DCTO,,,,,,,
"address number, phase, +",ID: 6,,,,,,,
,AN8,,,,,,,
,WR01,,,,,,,
,DPL,,,,,,,
"reference, status, +d",ID: 7,,,,,,,
,VR01,,,,,,,
,SRST,,,,,,,
,DPL,,,,,,,
"originator, status, +d",ID: 8,,,,,,,
,ANO,,,,,,,
,SRST,,,,,,,
,DPL,,,,,,,
"business unit, phase +d",ID: 9,,,,,,,
,MCU,,,,,,,
,WR01,,,,,,,
,DPL,,,,,,,
"supervisor, status, +d",ID: 10,,,,,,,
,ANPA,,,,,,,
,SRST,,,,,,,
,DPL,,,,,,,
"manager, status, +d",ID: 11,,,,,,,
,ANSA,,,,,,,
,SRST,,,,,,,
,DPL,,,,,,,
"order date, order number",ID: 12,,,,,,,
,TRDJ,,,,,,,
,DOCO,,,,,,,
"completed date, order number",ID: 13,,,,,,,
,STRX,,,,,,,
,DOCO,,,,,,,
"start date, order number",ID: 14,,,,,,,
,STRT,,,,,,,
,DOCO,,,,,,,
"item number, categorywo, +c",ID: 15,,,,,,,
,NUMB,,,,,,,
,WR01,,,,,,,
,WR02,,,,,,,
,WR03,,,,,,,
,TYPS,,,,,,,
,PRTS,,,,,,,
,DOCO,,,,,,,
WO Category Code W1,ID: 16,,,,,,,
,WR01,,,,,,,
WO Category Code W2,ID: 17,,,,,,,
,WR02,,,,,,,
WO Category Code W3,ID: 18,,,,,,,
,WR03,,,,,,,
WO Category Code W4,ID: 19,,,,,,,
,WR04,,,,,,,
WO Category Code W5,ID: 20,,,,,,,
,WR05,,,,,,,
WO Category Code W6,ID: 21,,,,,,,
,WR06,,,,,,,
WO Category Code W7,ID: 22,,,,,,,
,WR07,,,,,,,
WO Category Code W8,ID: 23,,,,,,,
,WR08,,,,,,,
WO Category Code W9,ID: 24,,,,,,,
,WR09,,,,,,,
WO Category Code W0,ID: 25,,,,,,,
,WR10,,,,,,,
"Document No., Sts Code, +",ID: 29,,,,,,,
,DOCO,,,,,,,
,SRST,,,,,,,
,STRX,,,,,,,
"Asset, Status, +",ID: 30,,,,,,,
,NUMB,,,,,,,
,SRST,,,,,,,
,TRDJ,,,,,,,
"Inventory, Status, +",ID: 31,,,,,,,
,ITM,,,,,,,
,SRST,,,,,,,
,TRDJ,,,,,,,
"Address, Status, +",ID: 32,,,,,,,
,AN8,,,,,,,
,SRST,,,,,,,
,TRDJ,,,,,,,
"Work Order, Status, +",ID: 33,,,,,,,
,DOCO,,,,,,,
,SRST,,,,,,,
,TRDJ,,,,,,,
"Related Order No, Ty, Co",ID: 34,,,,,,,
,RORN,,,,,,,
,RCTO,,,,,,,
,RKCO,,,,,,,
"PegToWo, Doco",ID: 36,,,,,,,
,PTWO,,,,,,,
,DOCO,,,,,,,
