VIEW:,V554801,,,,,
SYSTEM CODE:,55,,,,,
DESCRIPTION:,Join F4801 and F4102 - WO Split,,,,,
TYPE,Standard,,,,,
,,,,,,
TABLES:,,,,,,
F4801,Work Order Master File,,,,,
F4102,Item Branch File,,,,,
,,,,,,
ALIAS,DESCRIPTION,TYPE,SIZE,DECIMALS,TABLE,KEY
DOCO,"Document (Order No, Invoice, etc.)",Math Numeric,8,0,F4801(0),X
ITM,Item Number - Short,Math Numeric,8,0,F4102(0),
MCU,Business Unit,String,12,0,F4102(0),
MMCU,Branch,String,12,0,F4801(0),
ITM,Item Number - Short,Math Numeric,8,0,F4801(0),
DCTO,Order Type,String,2,0,F4801(0),
SFXO,Order Suffix,String,3,0,F4801(0),
RCTO,Related PO/SO/WO Order Type,String,2,0,F4801(0),
RORN,Related PO/SO/WO Number,String,8,0,F4801(0),
LNID,Line Number,Math Numeric,6,0,F4801(0),
PTWO,Peg to Work Order,Math Numeric,8,0,F4801(0),
PARS,Number - Parent WO Number,String,8,0,F4801(0),
TYPS,Type - W.O.,Char,1,0,F4801(0),
PRTS,Priority - W.O.,Char,1,0,F4801(0),
DL01,Description,String,30,0,F4801(0),
STCM,Status - Comment,String,30,0,F4801(0),
CO,Company,String,5,0,F4801(0),
MCU,Business Unit,String,12,0,F4801(0),
LOCN,Location,String,20,0,F4801(0),
AISL,Aisle,String,8,0,F4801(0),
BIN,Bin,String,8,0,F4801(0),
SRST,Status Code W.O.,String,2,0,F4801(0),
DCG,Date - Status Changed,Date,6,0,F4801(0),
SUB,Subsidiary,String,8,0,F4801(0),
AN8,Address Number,Math Numeric,8,0,F4801(0),
ANO,Address Number - Originator,Math Numeric,8,0,F4801(0),
ANSA,Address Number - Manager,Math Numeric,8,0,F4801(0),
ANPA,Supervisor,Math Numeric,8,0,F4801(0),
ANP,Address Number - Assigned To,Math Numeric,8,0,F4801(0),
DPL,Date - W.O. Planned Completed,Date,6,0,F4801(0),
ANT,Address Number - Inspector,Math Numeric,8,0,F4801(0),
NAN8,Next Address Number,Math Numeric,8,0,F4801(0),
TRDJ,Date - Order/Transaction,Date,6,0,F4801(0),
STRT,Date - Start (Julian),Date,6,0,F4801(0),
DRQJ,Date - Requested,Date,6,0,F4801(0),
STRX,Date - Completion (Julian),Date,6,0,F4801(0),
DAP,Date - Assigned to,Date,6,0,F4801(0),
DAT,Date - Assigned to Inspector,Date,6,0,F4801(0),
PPDT,Date - Paper Printed Date,Date,6,0,F4801(0),
WR01,Categories - Work Order 01,String,4,0,F4801(0),
WR02,Categories - Work Order 02,String,3,0,F4801(0),
WR03,Categories - Work Order 03,String,3,0,F4801(0),
WR04,Categories - Work Order 04,String,3,0,F4801(0),
WR05,Categories - Work Order 05,String,3,0,F4801(0),
WR06,EnterpriseOne Consulting - Status,String,3,0,F4801(0),
WR07,EnterpriseOne Consulting - Service Type,String,3,0,F4801(0),
WR08,EnterpriseOne Consulting - Skill Type,String,3,0,F4801(0),
WR09,E1 Consulting - Experience Level,String,3,0,F4801(0),
WR10,Categories - Work Order 10,String,3,0,F4801(0),
VR01,Reference,String,25,0,F4801(0),
VR02,Reference 2,String,25,0,F4801(0),
AMTO,Amount - Estimated,Math Numeric,15,0,F4801(0),
SETC,Crew Size,Math Numeric,5,0,F4801(0),
BRT,Revenue Rate Markup Override,Math Numeric,15,0,F4801(0),
PAYT,Pay/Deduction/Benefit Type,String,5,0,F4801(0),
AMTC,Amount - Change to Original Dollars,Math Numeric,15,0,F4801(0),
HRSO,Hours - Estimated,Math Numeric,15,0,F4801(0),
HRSC,Hours - Change to Original Hours,Math Numeric,15,0,F4801(0),
AMTA,Amount - Actual,Math Numeric,15,0,F4801(0),
HRSA,Hours - Actual,Math Numeric,15,0,F4801(0),
AITM,3rd Item Number,String,25,0,F4801(0),
LITM,2nd Item Number,String,25,0,F4801(0),
NUMB,Asset Item Number,Math Numeric,8,0,F4801(0),
APID,Unit or Tag Number,String,12,0,F4801(0),
UORG,Units - Order/Transaction Quantity,Math Numeric,15,0,F4801(0),
SOBK,Units - Qty Backordered/Held,Math Numeric,15,0,F4801(0),
SOCN,Units - Quantity Canceled/Scrapped,Math Numeric,15,0,F4801(0),
SOQS,Quantity Shipped,Math Numeric,15,0,F4801(0),
QTYT,Units - Shipped to Date,Math Numeric,15,0,F4801(0),
UOM,Unit of Measure as Input,String,2,0,F4801(0),
SHNO,Message Number,String,10,0,F4801(0),
PBTM,Time - Beginning (HH/MM/SS),Math Numeric,6,0,F4801(0),
TBM,Type Bill of Material,String,3,0,F4801(0),
TRT,Type of Routing,String,3,0,F4801(0),
SHTY,WO Pick List Printed,Char,1,0,F4801(0),
PEC,Posting Edit,Char,1,0,F4801(0),
PPFG,Variance Flag,Char,1,0,F4801(0),
BM,Bill of Material (N),Char,1,0,F4801(0),
RTG,Route Sheet (N),Char,1,0,F4801(0),
SPRT,Work Order Flash Message,Char,1,0,F4801(0),
UNCD,Work Order Freeze Code,Char,1,0,F4801(0),
INDC,Indented Code,Char,1,0,F4801(0),
RESC,Resequence Code,Math Numeric,5,0,F4801(0),
MOH,Amount - Miles or Hours (units),Math Numeric,15,0,F4801(0),
TDT,Date - Scheduled Tickler,Date,6,0,F4801(0),
POU,Amount - Memo Budget Changes,Math Numeric,15,0,F4801(0),
PC,Percent Complete,Math Numeric,5,2,F4801(0),
LTLV,Leadtime Level,Math Numeric,5,0,F4801(0),
LTCM,Leadtime Cumulative,Math Numeric,5,0,F4801(0),
CTS1,Hours - Unaccounted Direct Labor,Math Numeric,15,0,F4801(0),
LOTN,Lot/Serial Number,String,30,0,F4801(0),
LOTP,Lot Potency,Math Numeric,15,0,F4801(0),
LOTG,Lot Grade,String,3,0,F4801(0),
RAT1,Ratio _ Critical Ratio Priority 1,Math Numeric,5,0,F4801(0),
RAT2,Ratio - Critical Ratio Priority 2,Math Numeric,5,0,F4801(0),
DCT,Document Type,String,2,0,F4801(0),
SBLI,Subledger Inactive Code,Char,1,0,F4801(0),
RKCO,Company - Key (Related Order),String,5,0,F4801(0),
BREV,Bill Revision Level,String,3,0,F4801(0),
RREV,Routing Revision Level,String,3,0,F4801(0),
DRWC,Drawing Change,Char,1,0,F4801(0),
RTCH,Routing Change,Char,1,0,F4801(0),
PNRQ,New Part Number,Char,1,0,F4801(0),
REAS,Reason for ECO,String,2,0,F4801(0),
PHSE,Phase In,String,3,0,F4801(0),
XDSP,Existing Disposition,String,3,0,F4801(0),
BOMC,BOM Change,Char,1,0,F4801(0),
URCD,User Reserved Code,String,2,0,F4801(0),
URDT,User Reserved Date,Date,6,0,F4801(0),
URAT,User Reserved Amount,Math Numeric,15,0,F4801(0),
URAB,User Reserved Number,Math Numeric,8,0,F4801(0),
URRF,User Reserved Reference,String,15,0,F4801(0),
USER,User ID,String,10,0,F4801(0),
PID,Program ID,String,10,0,F4801(0),
JOBN,Work Station ID,String,10,0,F4801(0),
UPMJ,Date - Updated,Date,6,0,F4801(0),
TDAY,Time of Day,Math Numeric,6,0,F4801(0),
AAID,Parent Number,Math Numeric,8,0,F4801(0),
NTST,Next Status - W.O.,String,2,0,F4801(0),
XRTO,Criticality - Work Order,Math Numeric,4,0,F4801(0),
ESDN,Estimated Downtime Hours,Math Numeric,5,0,F4801(0),
ACDN,Actual Downtime Hours,Math Numeric,5,0,F4801(0),
SAID,Service Address Number,Math Numeric,8,0,F4801(0),
MPOS,Meter Position,Math Numeric,3,0,F4801(0),
APRT,Approval Type,String,3,0,F4801(0),
AMLC,Amount - Estimated Labor,Math Numeric,15,0,F4801(0),
AMMC,Amount - Estimated Material,Math Numeric,15,0,F4801(0),
AMOT,Amount - Estimated Other,Math Numeric,15,0,F4801(0),
LBAM,Amount - Actual Labor,Math Numeric,15,0,F4801(0),
MTAM,Amount - Actual Material,Math Numeric,15,0,F4801(0),
LITM,2nd Item Number,String,25,0,F4102(0),
AITM,3rd Item Number,String,25,0,F4102(0),
SRP1,Regulatory Category,String,3,0,F4102(0),
SRP2,Technology,String,3,0,F4102(0),
SRP3,Molecule Type,String,3,0,F4102(0),
SRP4,Target Type and Flex Accounting,String,3,0,F4102(0),
SRP5,Marketing Type and Flex Acct,String,3,0,F4102(0),
SRP6,New Form Type (NFC),String,6,0,F4102(0),
SRP7,Anatomical Therapeutic Class,String,6,0,F4102(0),
SRP8,Category Code 8,String,6,0,F4102(0),
SRP9,Category Code 9,String,6,0,F4102(0),
SRP0,Site 2 Code,String,6,0,F4102(0),
PRP1,Commodity Class,String,3,0,F4102(0),
PRP2,Commodity Sub Class,String,3,0,F4102(0),
PRP3,Supplier Rebate Code,String,3,0,F4102(0),
PRP4,Master Planning Family,String,3,0,F4102(0),
PRP5,Purchasing Category Code 5,String,3,0,F4102(0),
PRP6,Group - Item Dimension,String,6,0,F4102(0),
PRP7,Group - Warehouse Process 1,String,6,0,F4102(0),
PRP8,Group - Warehouse Process 2,String,6,0,F4102(0),
PRP9,Group - Warehouse Process 3,String,6,0,F4102(0),
PRP0,Site 1 Code,String,6,0,F4102(0),
CDCD,Commodity Code,String,15,0,F4102(0),
PDGR,Product Group,String,3,0,F4102(0),
DSGP,Dispatch Group,String,3,0,F4102(0),
VEND,Primary / Last Supplier Number,Math Numeric,8,0,F4102(0),
ANPL,Planner Number,Math Numeric,8,0,F4102(0),
BUYR,Buyer Number,Math Numeric,8,0,F4102(0),
GLPT,Category - G/L,String,4,0,F4102(0),
ORIG,Country of Origin,String,3,0,F4102(0),
ROPI,Reorder Point - Input,Math Numeric,15,0,F4102(0),
ROQI,Reorder Quantity - Input,Math Numeric,15,0,F4102(0),
RQMX,Reorder Quantity - Maximum,Math Numeric,15,0,F4102(0),
RQMN,Reorder Quantity - Minimum,Math Numeric,15,0,F4102(0),
WOMO,Quantity - Order Multiples (SO/PO),Math Numeric,7,0,F4102(0),
SERV,Service Level,Math Numeric,7,3,F4102(0),
SAFE,Safety Stock,Math Numeric,15,0,F4102(0),
SLD,Days - Shelf Life Days,Math Numeric,6,0,F4102(0),
CKAV,Check Availability Y/N,Char,1,0,F4102(0),
SRCE,Layer Code - Source,Char,1,0,F4102(0),
LOTS,Lot Status Code,Char,1,0,F4102(0),
OT1Y,Potency Control,Char,1,0,F4102(0),
OT2Y,Grade Control,Char,1,0,F4102(0),
STDP,Standard Potency,Math Numeric,7,0,F4102(0),
FRMP,From Potency,Math Numeric,7,0,F4102(0),
THRP,Thru Potency,Math Numeric,7,0,F4102(0),
STDG,Standard Grade,String,3,0,F4102(0),
FRGD,From Grade,String,3,0,F4102(0),
THGD,Thru Grade,String,3,0,F4102(0),
COTY,Component Type,Char,1,0,F4102(0),
MMPC,Margin Maintenance (%),Math Numeric,7,0,F4102(0),
PRGR,Item Price Group,String,8,0,F4102(0),
RPRC,Reprice (Basket Price) Category,String,8,0,F4102(0),
ORPR,Order Reprice Category,String,8,0,F4102(0),
BACK,Backorders Allowed (Y/N),Char,1,0,F4102(0),
IFLA,Item Flash Message,String,2,0,F4102(0),
ABCS,ABC Code 1 - Sales - Inventory,Char,1,0,F4102(0),
ABCM,ABC Code 1 - Margin - Inventory,Char,1,0,F4102(0),
ABCI,ABC Code 3 - Investment - Inventory,Char,1,0,F4102(0),
OVR,ABC Code Override Indicator,Char,1,0,F4102(0),
SHCM,Shipping Commodity Class,String,3,0,F4102(0),
CARS,Carrier Number,Math Numeric,8,0,F4102(0),
CARP,Customer Owner,Math Numeric,8,0,F4102(0),
SHCN,Shipping Conditions Code,String,3,0,F4102(0),
STKT,Stocking Type,Char,1,0,F4102(0),
LNTY,Line Type,String,2,0,F4102(0),
FIFO,FIFO Processing,Char,1,0,F4102(0),
CYCL,Cycle Count Category,String,3,0,F4102(0),
INMG,Print Message,String,10,0,F4102(0),
WARR,Type Warranty,String,8,0,F4102(0),
SRNR,Serial Number Required,Char,1,0,F4102(0),
PCTM,Percent Margin,Math Numeric,7,0,F4102(0),
CMCG,Commission Category,String,8,0,F4102(0),
FUF1,AIA Document Flag,Char,1,0,F4102(0),
TX,Purchasing Taxable (Y/N),Char,1,0,F4102(0),
TAX1,Sales Taxable (Y/N),Char,1,0,F4102(0),
MPST,Planning Code,Char,1,0,F4102(0),
MRPD,Item Display Code,Char,1,0,F4102(0),
MRPC,Flag - Net Change,Char,1,0,F4102(0),
UPC,Units - Per Container,Math Numeric,15,0,F4102(0),
SNS,Round to Whole Number,Char,1,0,F4102(0),
MERL,Item Revision Level,String,3,0,F4102(0),
LTLV,Leadtime Level,Math Numeric,5,0,F4102(0),
LTMF,Leadtime MFG,Math Numeric,5,0,F4102(0),
LTCM,Leadtime Cumulative,Math Numeric,5,0,F4102(0),
OPC,Order Policy Code,Char,1,0,F4102(0),
OPV,Value - Order Policy,Math Numeric,15,0,F4102(0),
ACQ,Quantity - Accounting Cost,Math Numeric,15,0,F4102(0),
MLQ,Quantity - MFG Leadtime,Math Numeric,15,0,F4102(0),
LTPU,Leadtime Per Unit,Math Numeric,5,0,F4102(0),
MPSP,Planning Time Fence Rule,Char,1,0,F4102(0),
MRPP,Fixed or Variable Leadtime,Char,1,0,F4102(0),
ITC,Issue Type Code,Char,1,0,F4102(0),
ECO,ECO Number,String,12,0,F4102(0),
ECTY,Engineering Change Reason,String,2,0,F4102(0),
ECOD,Date - Engineering Change Date,Date,6,0,F4102(0),
MTF1,Planning Time Fence Days,Math Numeric,5,0,F4102(0),
MTF2,Freeze Time Fence Days,Math Numeric,5,0,F4102(0),
MTF3,Message Time Fence Days,Math Numeric,5,0,F4102(0),
MTF4,MPS/MRP Time Fence 4,Math Numeric,5,0,F4102(0),
MTF5,Shipment Leadtime Offset,Math Numeric,5,0,F4102(0),
MOVD,Move Hours - Standard,Math Numeric,5,0,F4102(0),
QUED,Queue Hours - Standard,Math Numeric,5,0,F4102(0),
SETL,Setup Labor - Standard,Math Numeric,15,0,F4102(0),
SRNK,Shrink Factor,Math Numeric,15,0,F4102(0),
SRKF,Shrink Factor Method,Char,1,0,F4102(0),
TIMB,Time Basis Code,Char,1,0,F4102(0),
BQTY,Units - Batch Quantity,Math Numeric,15,0,F4102(0),
ORDW,Order With,Char,1,0,F4102(0),
EXPD,Expedite Damper Days,Math Numeric,5,0,F4102(0),
DEFD,Defer Damper Days,Math Numeric,5,0,F4102(0),
MULT,Quantity - Order Multiples (MRP),Math Numeric,15,0,F4102(0),
SFLT,Safety Leadtime,Math Numeric,5,0,F4102(0),
MAKE,Make/Buy Code,Char,1,0,F4102(0),
LFDJ,Date - Future Use,Date,6,0,F4102(0),
LLX,Low Level Code,Math Numeric,3,0,F4102(0),
CMGL,Commitment Method,Char,1,0,F4102(0),
URCD,User Reserved Code,String,2,0,F4102(0),
URDT,User Reserved Date,Date,6,0,F4102(0),
URAT,User Reserved Amount,Math Numeric,15,0,F4102(0),
URAB,User Reserved Number,Math Numeric,8,0,F4102(0),
URRF,User Reserved Reference,String,15,0,F4102(0),
USER,User ID,String,10,0,F4102(0),
PID,Program ID,String,10,0,F4102(0),
JOBN,Work Station ID,String,10,0,F4102(0),
UPMJ,Date - Updated,Date,6,0,F4102(0),
TDAY,Time of Day,Math Numeric,6,0,F4102(0),
TFLA,Standard Unit of Measure Conversion,String,2,0,F4102(0),
COMH,Commitment - Specific (Days),Math Numeric,3,0,F4102(0),
AVRT,Replenishment Hours - Standard,Math Numeric,15,0,F4102(0),
POC,Issue and Receipt,Char,1,0,F4102(0),
AING,Active Ingredient Flag,Char,1,0,F4102(0),
BBDD,Best Before Default Days,Math Numeric,6,0,F4102(0),
CMDM,Commitment Date Method,Char,1,0,F4102(0),
LECM,Lot Expiraton Date Calculation Method,Char,1,0,F4102(0),
LEDD,Lot Effective Default Days,Math Numeric,6,0,F4102(0),
MLOT,Mix Dates / Lots (Y/N),Char,1,0,F4102(0),
PEFD,Purchasing Effective Days,Math Numeric,6,0,F4102(0),
SBDD,Sell By Default Days,Math Numeric,6,0,F4102(0),
U1DD,User Lot Date 1 Default Days,Math Numeric,6,0,F4102(0),
U2DD,User Lot Date 2 Default Days,Math Numeric,6,0,F4102(0),
U3DD,User Lot Date 3 Default Days,Math Numeric,6,0,F4102(0),
U4DD,User Lot Date 4 Default Days,Math Numeric,6,0,F4102(0),
U5DD,User Lot Date 5 Default Days,Math Numeric,6,0,F4102(0),
XDCK,Cross-Docking Flag,Char,1,0,F4102(0),
LAF,Lot Audit Flag,Char,1,0,F4102(0),
LTFM,Special Lot Format,Char,1,0,F4102(0),
RWLA,Restrict Work Order Lot Assignment,Char,1,0,F4102(0),
LNPA,Lot Number Pre-Assignment,Char,1,0,F4102(0),
LOTC,Lot Status Code Expanded,String,3,0,F4102(0),
APSC,Constraints Flag,Char,1,0,F4102(0),
PRI1,Priority One Alert Level,Math Numeric,15,0,F4102(0),
PRI2,Priority Two Alert Level,Math Numeric,15,0,F4102(0),
LTCV,Leadtime Conversion Factor,Math Numeric,15,0,F4102(0),
ASHL,Allow Shipping of Held Lots,Char,1,0,F4102(0),
OPTH,Minimum Operational Threshold,Math Numeric,15,0,F4102(0),
CUTH,Minimum Cumulative Threshold,Math Numeric,15,0,F4102(0),
UMTH,Operational Threshold Unit of Measure,String,3,0,F4102(0),
LMFG,Lean Manufacturing Flag,Char,1,0,F4102(0),
LINE,Line/Cell Identifier,String,12,0,F4102(0),
DFTPCT,Total Product Cycle Time,Math Numeric,20,0,F4102(0),
KBIT,Kanban Item,Char,1,0,F4102(0),
DFENDITM,Demand Flow End Item Flag,Char,1,0,F4102(0),
KANEXLL,Kanban Explode to Lower Level,Char,1,0,F4102(0),
SCPSELL,Sellable Item,Char,1,0,F4102(0),
MOPTH,Maximum Operational Threshold,Math Numeric,15,0,F4102(0),
MCUTH,Maximum Cumulative Threshold,Math Numeric,15,0,F4102(0),
CUMTH,Cumulative Threshold Unit of Measure,String,3,0,F4102(0),
ATPRN,ATP Rule Name,String,80,0,F4102(0),
ATPCA,Check ATP,Char,1,0,F4102(0),
ATPAC,ATP Components,String,5,0,F4102(0),
COORE,Country of Origin Required Flag,Char,1,0,F4102(0),
VCPFC,ATO Forecast Control,String,20,0,F4102(0),
PNYN,Production Number Controlled,Char,1,0,F4102(0),
,,,,,,
JOINED COLUMNS:,,,,,,
F4801(0),MMCU,=Simple(==),F4102(0),MCU,,
F4801(0),ITM,=Simple(==),F4102(0),ITM,,
